[
{
    "model": "admin.logentry",
    "pk": 5,
    "fields": {
        "action_time": "2024-07-17T16:39:24.994Z",
        "user": 3,
        "content_type": 7,
        "object_id": "1",
        "object_repr": "Общая информация",
        "action_flag": 1,
        "change_message": "[{\"added\": {}}]"
    }
},
{
    "model": "admin.logentry",
    "pk": 6,
    "fields": {
        "action_time": "2024-07-17T16:40:03.778Z",
        "user": 3,
        "content_type": 8,
        "object_id": "1",
        "object_repr": "ExamplesOfWorks object (1)",
        "action_flag": 1,
        "change_message": "[{\"added\": {}}]"
    }
},
{
    "model": "admin.logentry",
    "pk": 7,
    "fields": {
        "action_time": "2024-07-17T16:40:12.230Z",
        "user": 3,
        "content_type": 8,
        "object_id": "2",
        "object_repr": "ExamplesOfWorks object (2)",
        "action_flag": 1,
        "change_message": "[{\"added\": {}}]"
    }
},
{
    "model": "admin.logentry",
    "pk": 8,
    "fields": {
        "action_time": "2024-07-17T16:40:24.294Z",
        "user": 3,
        "content_type": 8,
        "object_id": "3",
        "object_repr": "ExamplesOfWorks object (3)",
        "action_flag": 1,
        "change_message": "[{\"added\": {}}]"
    }
},
{
    "model": "admin.logentry",
    "pk": 9,
    "fields": {
        "action_time": "2024-07-17T16:40:35.054Z",
        "user": 3,
        "content_type": 8,
        "object_id": "4",
        "object_repr": "ExamplesOfWorks object (4)",
        "action_flag": 1,
        "change_message": "[{\"added\": {}}]"
    }
},
{
    "model": "admin.logentry",
    "pk": 10,
    "fields": {
        "action_time": "2024-07-17T16:40:47.936Z",
        "user": 3,
        "content_type": 8,
        "object_id": "5",
        "object_repr": "ExamplesOfWorks object (5)",
        "action_flag": 1,
        "change_message": "[{\"added\": {}}]"
    }
},
{
    "model": "admin.logentry",
    "pk": 11,
    "fields": {
        "action_time": "2024-07-17T16:40:55.970Z",
        "user": 3,
        "content_type": 8,
        "object_id": "6",
        "object_repr": "ExamplesOfWorks object (6)",
        "action_flag": 1,
        "change_message": "[{\"added\": {}}]"
    }
},
{
    "model": "admin.logentry",
    "pk": 12,
    "fields": {
        "action_time": "2024-07-17T22:03:29.674Z",
        "user": 3,
        "content_type": 9,
        "object_id": "1",
        "object_repr": "Товар_№1",
        "action_flag": 1,
        "change_message": "[{\"added\": {}}, {\"added\": {\"name\": \"\\u0413\\u043b\\u0430\\u0432\\u043d\\u043e\\u0435 \\u0438\\u0437\\u043e\\u0431\\u0440\\u0430\\u0436\\u0435\\u043d\\u0438\\u0435\", \"object\": \"MainImgProduct object (1)\"}}, {\"added\": {\"name\": \"\\u0418\\u0437\\u043e\\u0431\\u0440\\u0430\\u0436\\u0435\\u043d\\u0438\\u0435\", \"object\": \"ImgProduct object (1)\"}}]"
    }
},
{
    "model": "admin.logentry",
    "pk": 13,
    "fields": {
        "action_time": "2024-07-18T08:55:12.703Z",
        "user": 3,
        "content_type": 11,
        "object_id": "2",
        "object_repr": "ImgProduct object (2)",
        "action_flag": 1,
        "change_message": "[{\"added\": {}}]"
    }
},
{
    "model": "admin.logentry",
    "pk": 14,
    "fields": {
        "action_time": "2024-07-18T08:55:51.609Z",
        "user": 3,
        "content_type": 11,
        "object_id": "2",
        "object_repr": "ImgProduct object (2)",
        "action_flag": 2,
        "change_message": "[{\"changed\": {\"fields\": [\"Image\"]}}]"
    }
},
{
    "model": "admin.logentry",
    "pk": 15,
    "fields": {
        "action_time": "2024-07-18T08:57:06.328Z",
        "user": 3,
        "content_type": 11,
        "object_id": "2",
        "object_repr": "ImgProduct object (2)",
        "action_flag": 2,
        "change_message": "[{\"changed\": {\"fields\": [\"Image\"]}}]"
    }
},
{
    "model": "admin.logentry",
    "pk": 16,
    "fields": {
        "action_time": "2024-07-18T09:00:16.418Z",
        "user": 3,
        "content_type": 11,
        "object_id": "3",
        "object_repr": "ImgProduct object (3)",
        "action_flag": 1,
        "change_message": "[{\"added\": {}}]"
    }
},
{
    "model": "admin.logentry",
    "pk": 17,
    "fields": {
        "action_time": "2024-07-18T09:02:57.198Z",
        "user": 3,
        "content_type": 11,
        "object_id": "3",
        "object_repr": "ImgProduct object (3)",
        "action_flag": 3,
        "change_message": ""
    }
},
{
    "model": "admin.logentry",
    "pk": 18,
    "fields": {
        "action_time": "2024-07-18T09:02:57.214Z",
        "user": 3,
        "content_type": 11,
        "object_id": "2",
        "object_repr": "ImgProduct object (2)",
        "action_flag": 3,
        "change_message": ""
    }
},
{
    "model": "admin.logentry",
    "pk": 19,
    "fields": {
        "action_time": "2024-07-18T09:02:57.236Z",
        "user": 3,
        "content_type": 11,
        "object_id": "1",
        "object_repr": "ImgProduct object (1)",
        "action_flag": 3,
        "change_message": ""
    }
},
{
    "model": "admin.logentry",
    "pk": 20,
    "fields": {
        "action_time": "2024-07-18T09:05:12.294Z",
        "user": 3,
        "content_type": 9,
        "object_id": "1",
        "object_repr": "Товар_№1",
        "action_flag": 3,
        "change_message": ""
    }
},
{
    "model": "admin.logentry",
    "pk": 21,
    "fields": {
        "action_time": "2024-07-18T09:34:12.979Z",
        "user": 3,
        "content_type": 9,
        "object_id": "2",
        "object_repr": "Товар_№2",
        "action_flag": 1,
        "change_message": "[{\"added\": {}}, {\"added\": {\"name\": \"\\u0413\\u043b\\u0430\\u0432\\u043d\\u043e\\u0435 \\u0438\\u0437\\u043e\\u0431\\u0440\\u0430\\u0436\\u0435\\u043d\\u0438\\u0435\", \"object\": \"MainImgProduct object (2)\"}}, {\"added\": {\"name\": \"\\u0418\\u0437\\u043e\\u0431\\u0440\\u0430\\u0436\\u0435\\u043d\\u0438\\u0435\", \"object\": \"ImgProduct object (4)\"}}, {\"added\": {\"name\": \"\\u0418\\u0437\\u043e\\u0431\\u0440\\u0430\\u0436\\u0435\\u043d\\u0438\\u0435\", \"object\": \"ImgProduct object (5)\"}}, {\"added\": {\"name\": \"\\u0418\\u0437\\u043e\\u0431\\u0440\\u0430\\u0436\\u0435\\u043d\\u0438\\u0435\", \"object\": \"ImgProduct object (6)\"}}, {\"added\": {\"name\": \"\\u0418\\u0437\\u043e\\u0431\\u0440\\u0430\\u0436\\u0435\\u043d\\u0438\\u0435\", \"object\": \"ImgProduct object (7)\"}}]"
    }
},
{
    "model": "admin.logentry",
    "pk": 22,
    "fields": {
        "action_time": "2024-07-18T09:36:50.582Z",
        "user": 3,
        "content_type": 9,
        "object_id": "3",
        "object_repr": "Товар_№3",
        "action_flag": 1,
        "change_message": "[{\"added\": {}}, {\"added\": {\"name\": \"\\u0413\\u043b\\u0430\\u0432\\u043d\\u043e\\u0435 \\u0438\\u0437\\u043e\\u0431\\u0440\\u0430\\u0436\\u0435\\u043d\\u0438\\u0435\", \"object\": \"MainImgProduct object (3)\"}}, {\"added\": {\"name\": \"\\u0418\\u0437\\u043e\\u0431\\u0440\\u0430\\u0436\\u0435\\u043d\\u0438\\u0435\", \"object\": \"ImgProduct object (8)\"}}, {\"added\": {\"name\": \"\\u0418\\u0437\\u043e\\u0431\\u0440\\u0430\\u0436\\u0435\\u043d\\u0438\\u0435\", \"object\": \"ImgProduct object (9)\"}}, {\"added\": {\"name\": \"\\u0418\\u0437\\u043e\\u0431\\u0440\\u0430\\u0436\\u0435\\u043d\\u0438\\u0435\", \"object\": \"ImgProduct object (10)\"}}, {\"added\": {\"name\": \"\\u0418\\u0437\\u043e\\u0431\\u0440\\u0430\\u0436\\u0435\\u043d\\u0438\\u0435\", \"object\": \"ImgProduct object (11)\"}}]"
    }
},
{
    "model": "admin.logentry",
    "pk": 23,
    "fields": {
        "action_time": "2024-07-18T09:40:49.501Z",
        "user": 3,
        "content_type": 9,
        "object_id": "4",
        "object_repr": "Товар_№4",
        "action_flag": 1,
        "change_message": "[{\"added\": {}}, {\"added\": {\"name\": \"\\u0418\\u0437\\u043e\\u0431\\u0440\\u0430\\u0436\\u0435\\u043d\\u0438\\u0435\", \"object\": \"ImgProduct object (12)\"}}]"
    }
},
{
    "model": "admin.logentry",
    "pk": 24,
    "fields": {
        "action_time": "2024-07-18T09:42:28.827Z",
        "user": 3,
        "content_type": 9,
        "object_id": "4",
        "object_repr": "Товар_№4",
        "action_flag": 2,
        "change_message": "[{\"added\": {\"name\": \"\\u0413\\u043b\\u0430\\u0432\\u043d\\u043e\\u0435 \\u0438\\u0437\\u043e\\u0431\\u0440\\u0430\\u0436\\u0435\\u043d\\u0438\\u0435\", \"object\": \"MainImgProduct object (4)\"}}, {\"added\": {\"name\": \"\\u0418\\u0437\\u043e\\u0431\\u0440\\u0430\\u0436\\u0435\\u043d\\u0438\\u0435\", \"object\": \"ImgProduct object (13)\"}}, {\"added\": {\"name\": \"\\u0418\\u0437\\u043e\\u0431\\u0440\\u0430\\u0436\\u0435\\u043d\\u0438\\u0435\", \"object\": \"ImgProduct object (14)\"}}, {\"added\": {\"name\": \"\\u0418\\u0437\\u043e\\u0431\\u0440\\u0430\\u0436\\u0435\\u043d\\u0438\\u0435\", \"object\": \"ImgProduct object (15)\"}}]"
    }
},
{
    "model": "admin.logentry",
    "pk": 25,
    "fields": {
        "action_time": "2024-07-18T09:44:19.570Z",
        "user": 3,
        "content_type": 9,
        "object_id": "5",
        "object_repr": "Товар_№5",
        "action_flag": 1,
        "change_message": "[{\"added\": {}}, {\"added\": {\"name\": \"\\u0413\\u043b\\u0430\\u0432\\u043d\\u043e\\u0435 \\u0438\\u0437\\u043e\\u0431\\u0440\\u0430\\u0436\\u0435\\u043d\\u0438\\u0435\", \"object\": \"MainImgProduct object (5)\"}}, {\"added\": {\"name\": \"\\u0418\\u0437\\u043e\\u0431\\u0440\\u0430\\u0436\\u0435\\u043d\\u0438\\u0435\", \"object\": \"ImgProduct object (16)\"}}, {\"added\": {\"name\": \"\\u0418\\u0437\\u043e\\u0431\\u0440\\u0430\\u0436\\u0435\\u043d\\u0438\\u0435\", \"object\": \"ImgProduct object (17)\"}}, {\"added\": {\"name\": \"\\u0418\\u0437\\u043e\\u0431\\u0440\\u0430\\u0436\\u0435\\u043d\\u0438\\u0435\", \"object\": \"ImgProduct object (18)\"}}, {\"added\": {\"name\": \"\\u0418\\u0437\\u043e\\u0431\\u0440\\u0430\\u0436\\u0435\\u043d\\u0438\\u0435\", \"object\": \"ImgProduct object (19)\"}}]"
    }
},
{
    "model": "admin.logentry",
    "pk": 26,
    "fields": {
        "action_time": "2024-07-18T09:46:14.104Z",
        "user": 3,
        "content_type": 9,
        "object_id": "6",
        "object_repr": "Товар_№6",
        "action_flag": 1,
        "change_message": "[{\"added\": {}}, {\"added\": {\"name\": \"\\u0413\\u043b\\u0430\\u0432\\u043d\\u043e\\u0435 \\u0438\\u0437\\u043e\\u0431\\u0440\\u0430\\u0436\\u0435\\u043d\\u0438\\u0435\", \"object\": \"MainImgProduct object (6)\"}}, {\"added\": {\"name\": \"\\u0418\\u0437\\u043e\\u0431\\u0440\\u0430\\u0436\\u0435\\u043d\\u0438\\u0435\", \"object\": \"ImgProduct object (20)\"}}, {\"added\": {\"name\": \"\\u0418\\u0437\\u043e\\u0431\\u0440\\u0430\\u0436\\u0435\\u043d\\u0438\\u0435\", \"object\": \"ImgProduct object (21)\"}}, {\"added\": {\"name\": \"\\u0418\\u0437\\u043e\\u0431\\u0440\\u0430\\u0436\\u0435\\u043d\\u0438\\u0435\", \"object\": \"ImgProduct object (22)\"}}]"
    }
},
{
    "model": "admin.logentry",
    "pk": 27,
    "fields": {
        "action_time": "2024-07-18T09:47:51.861Z",
        "user": 3,
        "content_type": 9,
        "object_id": "7",
        "object_repr": "Товар_№7",
        "action_flag": 1,
        "change_message": "[{\"added\": {}}, {\"added\": {\"name\": \"\\u0413\\u043b\\u0430\\u0432\\u043d\\u043e\\u0435 \\u0438\\u0437\\u043e\\u0431\\u0440\\u0430\\u0436\\u0435\\u043d\\u0438\\u0435\", \"object\": \"MainImgProduct object (7)\"}}, {\"added\": {\"name\": \"\\u0418\\u0437\\u043e\\u0431\\u0440\\u0430\\u0436\\u0435\\u043d\\u0438\\u0435\", \"object\": \"ImgProduct object (23)\"}}, {\"added\": {\"name\": \"\\u0418\\u0437\\u043e\\u0431\\u0440\\u0430\\u0436\\u0435\\u043d\\u0438\\u0435\", \"object\": \"ImgProduct object (24)\"}}, {\"added\": {\"name\": \"\\u0418\\u0437\\u043e\\u0431\\u0440\\u0430\\u0436\\u0435\\u043d\\u0438\\u0435\", \"object\": \"ImgProduct object (25)\"}}, {\"added\": {\"name\": \"\\u0418\\u0437\\u043e\\u0431\\u0440\\u0430\\u0436\\u0435\\u043d\\u0438\\u0435\", \"object\": \"ImgProduct object (26)\"}}]"
    }
},
{
    "model": "auth.permission",
    "pk": 1,
    "fields": {
        "name": "Can add log entry",
        "content_type": 1,
        "codename": "add_logentry"
    }
},
{
    "model": "auth.permission",
    "pk": 2,
    "fields": {
        "name": "Can change log entry",
        "content_type": 1,
        "codename": "change_logentry"
    }
},
{
    "model": "auth.permission",
    "pk": 3,
    "fields": {
        "name": "Can delete log entry",
        "content_type": 1,
        "codename": "delete_logentry"
    }
},
{
    "model": "auth.permission",
    "pk": 4,
    "fields": {
        "name": "Can view log entry",
        "content_type": 1,
        "codename": "view_logentry"
    }
},
{
    "model": "auth.permission",
    "pk": 5,
    "fields": {
        "name": "Can add permission",
        "content_type": 2,
        "codename": "add_permission"
    }
},
{
    "model": "auth.permission",
    "pk": 6,
    "fields": {
        "name": "Can change permission",
        "content_type": 2,
        "codename": "change_permission"
    }
},
{
    "model": "auth.permission",
    "pk": 7,
    "fields": {
        "name": "Can delete permission",
        "content_type": 2,
        "codename": "delete_permission"
    }
},
{
    "model": "auth.permission",
    "pk": 8,
    "fields": {
        "name": "Can view permission",
        "content_type": 2,
        "codename": "view_permission"
    }
},
{
    "model": "auth.permission",
    "pk": 9,
    "fields": {
        "name": "Can add group",
        "content_type": 3,
        "codename": "add_group"
    }
},
{
    "model": "auth.permission",
    "pk": 10,
    "fields": {
        "name": "Can change group",
        "content_type": 3,
        "codename": "change_group"
    }
},
{
    "model": "auth.permission",
    "pk": 11,
    "fields": {
        "name": "Can delete group",
        "content_type": 3,
        "codename": "delete_group"
    }
},
{
    "model": "auth.permission",
    "pk": 12,
    "fields": {
        "name": "Can view group",
        "content_type": 3,
        "codename": "view_group"
    }
},
{
    "model": "auth.permission",
    "pk": 13,
    "fields": {
        "name": "Can add user",
        "content_type": 4,
        "codename": "add_user"
    }
},
{
    "model": "auth.permission",
    "pk": 14,
    "fields": {
        "name": "Can change user",
        "content_type": 4,
        "codename": "change_user"
    }
},
{
    "model": "auth.permission",
    "pk": 15,
    "fields": {
        "name": "Can delete user",
        "content_type": 4,
        "codename": "delete_user"
    }
},
{
    "model": "auth.permission",
    "pk": 16,
    "fields": {
        "name": "Can view user",
        "content_type": 4,
        "codename": "view_user"
    }
},
{
    "model": "auth.permission",
    "pk": 17,
    "fields": {
        "name": "Can add content type",
        "content_type": 5,
        "codename": "add_contenttype"
    }
},
{
    "model": "auth.permission",
    "pk": 18,
    "fields": {
        "name": "Can change content type",
        "content_type": 5,
        "codename": "change_contenttype"
    }
},
{
    "model": "auth.permission",
    "pk": 19,
    "fields": {
        "name": "Can delete content type",
        "content_type": 5,
        "codename": "delete_contenttype"
    }
},
{
    "model": "auth.permission",
    "pk": 20,
    "fields": {
        "name": "Can view content type",
        "content_type": 5,
        "codename": "view_contenttype"
    }
},
{
    "model": "auth.permission",
    "pk": 21,
    "fields": {
        "name": "Can add session",
        "content_type": 6,
        "codename": "add_session"
    }
},
{
    "model": "auth.permission",
    "pk": 22,
    "fields": {
        "name": "Can change session",
        "content_type": 6,
        "codename": "change_session"
    }
},
{
    "model": "auth.permission",
    "pk": 23,
    "fields": {
        "name": "Can delete session",
        "content_type": 6,
        "codename": "delete_session"
    }
},
{
    "model": "auth.permission",
    "pk": 24,
    "fields": {
        "name": "Can view session",
        "content_type": 6,
        "codename": "view_session"
    }
},
{
    "model": "auth.permission",
    "pk": 25,
    "fields": {
        "name": "Can add ─рээ√х ёрщЄр",
        "content_type": 7,
        "codename": "add_data"
    }
},
{
    "model": "auth.permission",
    "pk": 26,
    "fields": {
        "name": "Can change ─рээ√х ёрщЄр",
        "content_type": 7,
        "codename": "change_data"
    }
},
{
    "model": "auth.permission",
    "pk": 27,
    "fields": {
        "name": "Can delete ─рээ√х ёрщЄр",
        "content_type": 7,
        "codename": "delete_data"
    }
},
{
    "model": "auth.permission",
    "pk": 28,
    "fields": {
        "name": "Can view ─рээ√х ёрщЄр",
        "content_type": 7,
        "codename": "view_data"
    }
},
{
    "model": "auth.permission",
    "pk": 29,
    "fields": {
        "name": "Can add ╧ЁшьхЁ ЁрсюЄ√",
        "content_type": 8,
        "codename": "add_examplesofworks"
    }
},
{
    "model": "auth.permission",
    "pk": 30,
    "fields": {
        "name": "Can change ╧ЁшьхЁ ЁрсюЄ√",
        "content_type": 8,
        "codename": "change_examplesofworks"
    }
},
{
    "model": "auth.permission",
    "pk": 31,
    "fields": {
        "name": "Can delete ╧ЁшьхЁ ЁрсюЄ√",
        "content_type": 8,
        "codename": "delete_examplesofworks"
    }
},
{
    "model": "auth.permission",
    "pk": 32,
    "fields": {
        "name": "Can view ╧ЁшьхЁ ЁрсюЄ√",
        "content_type": 8,
        "codename": "view_examplesofworks"
    }
},
{
    "model": "auth.permission",
    "pk": 33,
    "fields": {
        "name": "Can add ╥ютрЁ",
        "content_type": 9,
        "codename": "add_product"
    }
},
{
    "model": "auth.permission",
    "pk": 34,
    "fields": {
        "name": "Can change ╥ютрЁ",
        "content_type": 9,
        "codename": "change_product"
    }
},
{
    "model": "auth.permission",
    "pk": 35,
    "fields": {
        "name": "Can delete ╥ютрЁ",
        "content_type": 9,
        "codename": "delete_product"
    }
},
{
    "model": "auth.permission",
    "pk": 36,
    "fields": {
        "name": "Can view ╥ютрЁ",
        "content_type": 9,
        "codename": "view_product"
    }
},
{
    "model": "auth.permission",
    "pk": 37,
    "fields": {
        "name": "Can add ├ыртэюх шчюсЁрцхэшх",
        "content_type": 10,
        "codename": "add_mainimgproduct"
    }
},
{
    "model": "auth.permission",
    "pk": 38,
    "fields": {
        "name": "Can change ├ыртэюх шчюсЁрцхэшх",
        "content_type": 10,
        "codename": "change_mainimgproduct"
    }
},
{
    "model": "auth.permission",
    "pk": 39,
    "fields": {
        "name": "Can delete ├ыртэюх шчюсЁрцхэшх",
        "content_type": 10,
        "codename": "delete_mainimgproduct"
    }
},
{
    "model": "auth.permission",
    "pk": 40,
    "fields": {
        "name": "Can view ├ыртэюх шчюсЁрцхэшх",
        "content_type": 10,
        "codename": "view_mainimgproduct"
    }
},
{
    "model": "auth.permission",
    "pk": 41,
    "fields": {
        "name": "Can add ╚чюсЁрцхэшх",
        "content_type": 11,
        "codename": "add_imgproduct"
    }
},
{
    "model": "auth.permission",
    "pk": 42,
    "fields": {
        "name": "Can change ╚чюсЁрцхэшх",
        "content_type": 11,
        "codename": "change_imgproduct"
    }
},
{
    "model": "auth.permission",
    "pk": 43,
    "fields": {
        "name": "Can delete ╚чюсЁрцхэшх",
        "content_type": 11,
        "codename": "delete_imgproduct"
    }
},
{
    "model": "auth.permission",
    "pk": 44,
    "fields": {
        "name": "Can view ╚чюсЁрцхэшх",
        "content_type": 11,
        "codename": "view_imgproduct"
    }
},
{
    "model": "auth.permission",
    "pk": 45,
    "fields": {
        "name": "Can add ╤ююс∙хэшх",
        "content_type": 12,
        "codename": "add_message"
    }
},
{
    "model": "auth.permission",
    "pk": 46,
    "fields": {
        "name": "Can change ╤ююс∙хэшх",
        "content_type": 12,
        "codename": "change_message"
    }
},
{
    "model": "auth.permission",
    "pk": 47,
    "fields": {
        "name": "Can delete ╤ююс∙хэшх",
        "content_type": 12,
        "codename": "delete_message"
    }
},
{
    "model": "auth.permission",
    "pk": 48,
    "fields": {
        "name": "Can view ╤ююс∙хэшх",
        "content_type": 12,
        "codename": "view_message"
    }
},
{
    "model": "auth.user",
    "pk": 2,
    "fields": {
        "password": "pbkdf2_sha256$720000$3rVeHklWlT3pUF1mmT1bNi$vJBGaZ3/9P0A3cixKumGPrC6h52yTdZiGwF0SNahxQ8=",
        "last_login": null,
        "is_superuser": false,
        "username": "admin2",
        "first_name": "",
        "last_name": "",
        "email": "",
        "is_staff": false,
        "is_active": true,
        "date_joined": "2024-07-17T16:29:35.199Z",
        "groups": [],
        "user_permissions": []
    }
},
{
    "model": "auth.user",
    "pk": 3,
    "fields": {
        "password": "pbkdf2_sha256$720000$TeyGygjyA26S3Wa9YSzL7z$s5UZhCU5XaMe5t6XAUW/GGH5lhIlLj5OGj/fY/fprKI=",
        "last_login": "2024-07-17T16:34:17.655Z",
        "is_superuser": true,
        "username": "admin",
        "first_name": "",
        "last_name": "",
        "email": "",
        "is_staff": true,
        "is_active": true,
        "date_joined": "2024-07-17T16:33:52.314Z",
        "groups": [],
        "user_permissions": []
    }
},
{
    "model": "contenttypes.contenttype",
    "pk": 1,
    "fields": {
        "app_label": "admin",
        "model": "logentry"
    }
},
{
    "model": "contenttypes.contenttype",
    "pk": 2,
    "fields": {
        "app_label": "auth",
        "model": "permission"
    }
},
{
    "model": "contenttypes.contenttype",
    "pk": 3,
    "fields": {
        "app_label": "auth",
        "model": "group"
    }
},
{
    "model": "contenttypes.contenttype",
    "pk": 4,
    "fields": {
        "app_label": "auth",
        "model": "user"
    }
},
{
    "model": "contenttypes.contenttype",
    "pk": 5,
    "fields": {
        "app_label": "contenttypes",
        "model": "contenttype"
    }
},
{
    "model": "contenttypes.contenttype",
    "pk": 6,
    "fields": {
        "app_label": "sessions",
        "model": "session"
    }
},
{
    "model": "contenttypes.contenttype",
    "pk": 7,
    "fields": {
        "app_label": "home_page",
        "model": "data"
    }
},
{
    "model": "contenttypes.contenttype",
    "pk": 8,
    "fields": {
        "app_label": "home_page",
        "model": "examplesofworks"
    }
},
{
    "model": "contenttypes.contenttype",
    "pk": 9,
    "fields": {
        "app_label": "home_page",
        "model": "product"
    }
},
{
    "model": "contenttypes.contenttype",
    "pk": 10,
    "fields": {
        "app_label": "home_page",
        "model": "mainimgproduct"
    }
},
{
    "model": "contenttypes.contenttype",
    "pk": 11,
    "fields": {
        "app_label": "home_page",
        "model": "imgproduct"
    }
},
{
    "model": "contenttypes.contenttype",
    "pk": 12,
    "fields": {
        "app_label": "home_page",
        "model": "message"
    }
},
{
    "model": "sessions.session",
    "pk": "317gyfz1yj6p98iz7gvng1bkfch0em24",
    "fields": {
        "session_data": ".eJxVjMsOwiAUBf-FtSFAeRSX7v0Gch8gVUOT0q6M_65NutDtmZnzEgm2taat5yVNLM5iEKffDYEeue2A79Bus6S5rcuEclfkQbu8zpyfl8P9O6jQ67eOTsGYMdpSwASrYzRDiNpr1qS8cZw9FbTacQm2WFaEFoIDbbDkkUi8P9h6ODU:1sU7bd:KqrfNvWf6xdoXErGT_SsgtFfqV8FmKwTJnAE3Y4S6bg",
        "expire_date": "2024-07-31T16:34:17.674Z"
    }
},
{
    "model": "home_page.data",
    "pk": 1,
    "fields": {
        "site_name": "Mangaloff",
        "tel": 79998887766,
        "about_us": "Производство мангалов начинается с разработки чертежа. Затем выбирают материал для изготовления мангала. Обычно это сталь, чугун или нержавеющая сталь. Сталь — самый распространённый материал, так как она прочная и долговечная. Чугун тяжелее стали, но он лучше сохраняет тепло. Нержавеющая сталь устойчива к коррозии, но стоит дороже.\r\n// это тестовый текст //"
    }
},
{
    "model": "home_page.examplesofworks",
    "pk": 1,
    "fields": {
        "image": "examples/2024/07/17/1673000897_happyhouse-guru-p-mangal-besedka-s-krishei-krasivo-4.jpg",
        "alt": "example_work",
        "created_at": "2024-07-17T16:40:03.777Z"
    }
},
{
    "model": "home_page.examplesofworks",
    "pk": 2,
    "fields": {
        "image": "examples/2024/07/17/askett.jpg",
        "alt": "example_work",
        "created_at": "2024-07-17T16:40:12.229Z"
    }
},
{
    "model": "home_page.examplesofworks",
    "pk": 3,
    "fields": {
        "image": "examples/2024/07/17/fd8da8457cb6572c6df4f75668cf1629.jpg",
        "alt": "example_work",
        "created_at": "2024-07-17T16:40:24.293Z"
    }
},
{
    "model": "home_page.examplesofworks",
    "pk": 4,
    "fields": {
        "image": "examples/2024/07/17/IMG_20201024_101159.jpg",
        "alt": "example_work",
        "created_at": "2024-07-17T16:40:35.054Z"
    }
},
{
    "model": "home_page.examplesofworks",
    "pk": 5,
    "fields": {
        "image": "examples/2024/07/17/kak-pravilno-vibrat-mangal.jpg",
        "alt": "example_work",
        "created_at": "2024-07-17T16:40:47.935Z"
    }
},
{
    "model": "home_page.examplesofworks",
    "pk": 6,
    "fields": {
        "image": "examples/2024/07/17/malyj_s_drovnicej.jpg",
        "alt": "example_work",
        "created_at": "2024-07-17T16:40:55.969Z"
    }
},
{
    "model": "home_page.mainimgproduct",
    "pk": 2,
    "fields": {
        "image": "product/main_img/2024/07/18/1673000897_happyhouse-guru-p-mangal-besedka-s-krishei-krasivo-4.jpg",
        "alt": "img",
        "product": 2
    }
},
{
    "model": "home_page.mainimgproduct",
    "pk": 3,
    "fields": {
        "image": "product/main_img/2024/07/18/askett.jpg",
        "alt": "img",
        "product": 3
    }
},
{
    "model": "home_page.mainimgproduct",
    "pk": 4,
    "fields": {
        "image": "product/main_img/2024/07/18/fd8da8457cb6572c6df4f75668cf1629.jpg",
        "alt": "img",
        "product": 4
    }
},
{
    "model": "home_page.mainimgproduct",
    "pk": 5,
    "fields": {
        "image": "product/main_img/2024/07/18/IMG_20201024_101159.jpg",
        "alt": "img",
        "product": 5
    }
},
{
    "model": "home_page.mainimgproduct",
    "pk": 6,
    "fields": {
        "image": "product/main_img/2024/07/18/kak-pravilno-vibrat-mangal.jpg",
        "alt": "img",
        "product": 6
    }
},
{
    "model": "home_page.mainimgproduct",
    "pk": 7,
    "fields": {
        "image": "product/main_img/2024/07/18/malyj_s_drovnicej.jpg",
        "alt": "img",
        "product": 7
    }
},
{
    "model": "home_page.imgproduct",
    "pk": 4,
    "fields": {
        "image": "product/img/2024/07/18/1920x1200_1131129_www.ArtFile.ru.jpg",
        "alt": "img",
        "product": 2
    }
},
{
    "model": "home_page.imgproduct",
    "pk": 5,
    "fields": {
        "image": "product/img/2024/07/18/2560x1600_835577_www.ArtFile.ru.jpg",
        "alt": "img",
        "product": 2
    }
},
{
    "model": "home_page.imgproduct",
    "pk": 6,
    "fields": {
        "image": "product/img/2024/07/18/3264x2176_750484_www.ArtFile.ru.jpg",
        "alt": "img",
        "product": 2
    }
},
{
    "model": "home_page.imgproduct",
    "pk": 7,
    "fields": {
        "image": "product/img/2024/07/18/433183-Kysb.jpg",
        "alt": "img",
        "product": 2
    }
},
{
    "model": "home_page.imgproduct",
    "pk": 8,
    "fields": {
        "image": "product/img/2024/07/18/1649112673_64-vsegda-pomnim-com-p-chudesnii-mir-prirodi-foto-67.jpg",
        "alt": "img",
        "product": 3
    }
},
{
    "model": "home_page.imgproduct",
    "pk": 9,
    "fields": {
        "image": "product/img/2024/07/18/1697095396_balthazar-club-p-krasivie-mesta-prirodi-oboi-16.jpg",
        "alt": "img",
        "product": 3
    }
},
{
    "model": "home_page.imgproduct",
    "pk": 10,
    "fields": {
        "image": "product/img/2024/07/18/1676935044_bronk-club-p-otkritki-prirodi-ochen-krasivie-krasivo-5.jpg",
        "alt": "img",
        "product": 3
    }
},
{
    "model": "home_page.imgproduct",
    "pk": 11,
    "fields": {
        "image": "product/img/2024/07/18/1675060984_3-101.jpg",
        "alt": "img",
        "product": 3
    }
},
{
    "model": "home_page.imgproduct",
    "pk": 12,
    "fields": {
        "image": "product/img/2024/07/18/1674396417_3-13.jpg",
        "alt": "img",
        "product": 4
    }
},
{
    "model": "home_page.imgproduct",
    "pk": 13,
    "fields": {
        "image": "product/img/2024/07/18/orig.webp",
        "alt": "img",
        "product": 4
    }
},
{
    "model": "home_page.imgproduct",
    "pk": 14,
    "fields": {
        "image": "product/img/2024/07/18/1676935044_bronk-club-p-otkritki-prirodi-ochen-krasivie-krasivo-5_kXlcbZg.jpg",
        "alt": "img",
        "product": 4
    }
},
{
    "model": "home_page.imgproduct",
    "pk": 15,
    "fields": {
        "image": "product/img/2024/07/18/mountains-lake-reflection-trees-1180204.jpg",
        "alt": "img",
        "product": 4
    }
},
{
    "model": "home_page.imgproduct",
    "pk": 16,
    "fields": {
        "image": "product/img/2024/07/18/1675060984_3-101_eUW3AIQ.jpg",
        "alt": "img",
        "product": 5
    }
},
{
    "model": "home_page.imgproduct",
    "pk": 17,
    "fields": {
        "image": "product/img/2024/07/18/1649112673_64-vsegda-pomnim-com-p-chudesnii-mir-prirodi-foto-67_5QJIxjD.jpg",
        "alt": "img",
        "product": 5
    }
},
{
    "model": "home_page.imgproduct",
    "pk": 18,
    "fields": {
        "image": "product/img/2024/07/18/2560x1600_835577_www.ArtFile.ru_gk1rxZd.jpg",
        "alt": "img",
        "product": 5
    }
},
{
    "model": "home_page.imgproduct",
    "pk": 19,
    "fields": {
        "image": "product/img/2024/07/18/ps-spring-Bank-mount-scenery-aqua-nature-reserve-tree-mountain-fu_6bLLThx.jpg",
        "alt": "img",
        "product": 5
    }
},
{
    "model": "home_page.imgproduct",
    "pk": 20,
    "fields": {
        "image": "product/img/2024/07/18/1685662738_polinka-top-p-krasivie-kartinki-prirodi-peizazhi-krasivo-21.jpg",
        "alt": "img",
        "product": 6
    }
},
{
    "model": "home_page.imgproduct",
    "pk": 21,
    "fields": {
        "image": "product/img/2024/07/18/3264x2176_750484_www.ArtFile.ru_2oHAPEY.jpg",
        "alt": "img",
        "product": 6
    }
},
{
    "model": "home_page.imgproduct",
    "pk": 22,
    "fields": {
        "image": "product/img/2024/07/18/2560x1600_835577_www.ArtFile.ru_6LJS6En.jpg",
        "alt": "img",
        "product": 6
    }
},
{
    "model": "home_page.imgproduct",
    "pk": 23,
    "fields": {
        "image": "product/img/2024/07/18/ps-spring-Bank-mount-scenery-aqua-nature-reserve-tree-mountain-fu_3HZQFTi.jpg",
        "alt": "img",
        "product": 7
    }
},
{
    "model": "home_page.imgproduct",
    "pk": 24,
    "fields": {
        "image": "product/img/2024/07/18/mountains-lake-reflection-trees-1180204_0emvvxO.jpg",
        "alt": "img",
        "product": 7
    }
},
{
    "model": "home_page.imgproduct",
    "pk": 25,
    "fields": {
        "image": "product/img/2024/07/18/trees-landscape-forest-mountains-lake-water-n-mountain-reservoir-_2HCQxAg.jpg",
        "alt": "img",
        "product": 7
    }
},
{
    "model": "home_page.imgproduct",
    "pk": 26,
    "fields": {
        "image": "product/img/2024/07/18/1697095396_balthazar-club-p-krasivie-mesta-prirodi-oboi-16_F9hsoqH.jpg",
        "alt": "img",
        "product": 7
    }
},
{
    "model": "home_page.product",
    "pk": 2,
    "fields": {
        "title": "Заголовок",
        "text": "При выборе мангала следует учитывать несколько факторов: размер, материал, наличие крышки и решётки. Также важно обратить внимание на безопасность использования мангала: он должен быть установлен на ровной поверхности и находиться на достаточном расстоянии от легковоспламеняющихся предметов.",
        "price": "10000.00",
        "created_at": "2024-07-18T09:34:12.952Z",
        "available": true
    }
},
{
    "model": "home_page.product",
    "pk": 3,
    "fields": {
        "title": "Заголовок",
        "text": "При выборе мангала следует учитывать несколько факторов: размер, материал, наличие крышки и решётки. Также важно обратить внимание на безопасность использования мангала: он должен быть установлен на ровной поверхности и находиться на достаточном расстоянии от легковоспламеняющихся предметов.",
        "price": "10000.00",
        "created_at": "2024-07-18T09:36:50.570Z",
        "available": true
    }
},
{
    "model": "home_page.product",
    "pk": 4,
    "fields": {
        "title": "Заголовок",
        "text": "При выборе мангала следует учитывать несколько факторов: размер, материал, наличие крышки и решётки. Также важно обратить внимание на безопасность использования мангала: он должен быть установлен на ровной поверхности и находиться на достаточном расстоянии от легковоспламеняющихся предметов.",
        "price": "30000.00",
        "created_at": "2024-07-18T09:40:49.498Z",
        "available": true
    }
},
{
    "model": "home_page.product",
    "pk": 5,
    "fields": {
        "title": "Заголовок",
        "text": "При выборе мангала следует учитывать несколько факторов: размер, материал, наличие крышки и решётки. Также важно обратить внимание на безопасность использования мангала: он должен быть установлен на ровной поверхности и находиться на достаточном расстоянии от легковоспламеняющихся предметов.",
        "price": "5000.00",
        "created_at": "2024-07-18T09:44:19.545Z",
        "available": true
    }
},
{
    "model": "home_page.product",
    "pk": 6,
    "fields": {
        "title": "Заголовок",
        "text": "При выборе мангала следует учитывать несколько факторов: размер, материал, наличие крышки и решётки. Также важно обратить внимание на безопасность использования мангала: он должен быть установлен на ровной поверхности и находиться на достаточном расстоянии от легковоспламеняющихся предметов.",
        "price": "4000.00",
        "created_at": "2024-07-18T09:46:14.085Z",
        "available": true
    }
},
{
    "model": "home_page.product",
    "pk": 7,
    "fields": {
        "title": "Заголовок",
        "text": "При выборе мангала следует учитывать несколько факторов: размер, материал, наличие крышки и решётки. Также важно обратить внимание на безопасность использования мангала: он должен быть установлен на ровной поверхности и находиться на достаточном расстоянии от легковоспламеняющихся предметов.",
        "price": "7000.00",
        "created_at": "2024-07-18T09:47:51.835Z",
        "available": true
    }
},
{
    "model": "home_page.message",
    "pk": 3,
    "fields": {
        "name": "hhhhhhhhhhhhhhhhhhh",
        "email": "skolkovoinovations@gmail.com",
        "tel": "+7 555 555 55 55",
        "message": "gggggggggggggggggggggg",
        "created_at": "2024-07-18T14:16:07.329Z"
    }
},
{
    "model": "home_page.message",
    "pk": 4,
    "fields": {
        "name": "fffff",
        "email": "skolkovoinovations@gmail.com",
        "tel": "+7 333 333 33 33",
        "message": "fffffffffffffffffffffffff",
        "created_at": "2024-07-18T14:18:20.115Z"
    }
},
{
    "model": "home_page.message",
    "pk": 5,
    "fields": {
        "name": "ввв",
        "email": "skolkovoinovations@gmail.com",
        "tel": "+7 666 666 66 66",
        "message": "сссссссссссссссс",
        "created_at": "2024-07-18T14:20:23.399Z"
    }
},
{
    "model": "home_page.message",
    "pk": 6,
    "fields": {
        "name": "ffffffffffff",
        "email": "skolkovoinovations@gmail.com",
        "tel": "+7 666 666 66 66",
        "message": "jjjjjjjjjjj",
        "created_at": "2024-07-18T14:22:31.265Z"
    }
},
{
    "model": "home_page.message",
    "pk": 7,
    "fields": {
        "name": "оооооооооооооооо",
        "email": "skolkovoinovations@gmail.com",
        "tel": "+7 666 666 66 66",
        "message": "оооооооооооооооооооооооо",
        "created_at": "2024-07-18T14:25:35.077Z"
    }
},
{
    "model": "home_page.message",
    "pk": 8,
    "fields": {
        "name": "ппппппппппппп",
        "email": "skolkovoinovations@gmail.com",
        "tel": "+7 555 555 55 55",
        "message": "ппппппппппп",
        "created_at": "2024-07-18T14:26:15.319Z"
    }
},
{
    "model": "home_page.message",
    "pk": 9,
    "fields": {
        "name": "fffffffffffffffffffffff",
        "email": "skolkovoinovations@gmail.com",
        "tel": "+7 888 888 88 88",
        "message": "bbbbbbbbbbbbbbbbb",
        "created_at": "2024-07-18T14:28:49.823Z"
    }
},
{
    "model": "home_page.message",
    "pk": 10,
    "fields": {
        "name": "fffffffffffffffffffffff",
        "email": "skolkovoinovations@gmail.com",
        "tel": "+7 333 333 33 33",
        "message": "ffffffffffffffffffffffff",
        "created_at": "2024-07-18T14:29:38.616Z"
    }
},
{
    "model": "home_page.message",
    "pk": 11,
    "fields": {
        "name": "bbbbbbbbbbbbbbb",
        "email": "skolkovoinovations@gmail.com",
        "tel": "+7 444 444 44 44",
        "message": "ffffffffffffffffffffffffffff",
        "created_at": "2024-07-18T14:30:23.019Z"
    }
},
{
    "model": "home_page.message",
    "pk": 12,
    "fields": {
        "name": "ddddddddddddddddddd",
        "email": "skolkovoinovations@gmail.com",
        "tel": "+7 333 333 33 33",
        "message": "fffffffffffffffffffffffff",
        "created_at": "2024-07-18T14:32:50.955Z"
    }
},
{
    "model": "home_page.message",
    "pk": 13,
    "fields": {
        "name": "fffffffffffffffffff",
        "email": "skolkovoinovations@gmail.com",
        "tel": "+7 000 000 00 00",
        "message": "ffffffffffffffffff",
        "created_at": "2024-07-18T14:33:56.229Z"
    }
},
{
    "model": "home_page.message",
    "pk": 14,
    "fields": {
        "name": "kkkkkkkkkkkkkkk",
        "email": "skolkovoinovations@gmail.com",
        "tel": "+7 999 999 99 99",
        "message": "kkkkkkkkkkkkk",
        "created_at": "2024-07-18T14:37:05.130Z"
    }
},
{
    "model": "home_page.message",
    "pk": 15,
    "fields": {
        "name": "rrrrrrrrrrrrrrrrrrrrrrrrr",
        "email": "skolkovoinovations@gmail.com",
        "tel": "+7 444 444 44 44",
        "message": "ggggggggggggggggggg",
        "created_at": "2024-07-18T14:40:11.963Z"
    }
},
{
    "model": "home_page.message",
    "pk": 16,
    "fields": {
        "name": "fffffffffffffffffffffffff",
        "email": "skolkovoinovations@gmail.com",
        "tel": "+7 222 222 22 22",
        "message": "ffffffffffffffffff",
        "created_at": "2024-07-18T14:40:50.302Z"
    }
},
{
    "model": "home_page.message",
    "pk": 17,
    "fields": {
        "name": "eeeeeeeeeeee",
        "email": "skolkovoinovations@gmail.com",
        "tel": "+7 111 111 11 11",
        "message": "dddddddddddddddddd",
        "created_at": "2024-07-18T14:43:01.125Z"
    }
},
{
    "model": "home_page.message",
    "pk": 18,
    "fields": {
        "name": "3333333333333",
        "email": "skolkovoinovations@gmail.com",
        "tel": "+7 111 111 11 11",
        "message": "ffffffffffffffffffffff",
        "created_at": "2024-07-18T14:44:07.668Z"
    }
},
{
    "model": "home_page.message",
    "pk": 19,
    "fields": {
        "name": "dddddddddddddddddd",
        "email": "skolkovoinovations@gmail.com",
        "tel": "+7 333 333 33 33",
        "message": "gggggggggggggggggggg",
        "created_at": "2024-07-18T14:44:53.766Z"
    }
},
{
    "model": "home_page.message",
    "pk": 20,
    "fields": {
        "name": "hhhhhhhhhhhhh",
        "email": "skolkovoinovations@gmail.com",
        "tel": "+7 333 333 33 33",
        "message": "hhhhhhhhhhhhhhh",
        "created_at": "2024-07-18T14:46:17.631Z"
    }
},
{
    "model": "home_page.message",
    "pk": 21,
    "fields": {
        "name": "eeeeeeeeeeeeeee",
        "email": "skolkovoinovations@gmail.com",
        "tel": "+7 111 111 11 11",
        "message": "ddddddddddddddddd",
        "created_at": "2024-07-18T14:47:05.684Z"
    }
}
]
